source_tmdb_id,source_type,packed_source_key,offset_index,length
53122,movie,106244,0,81
53150,movie,106300,81,80
53151,movie,106302,161,75
53172,movie,106344,236,79
53182,movie,106364,315,74
53187,movie,106374,389,79
53200,movie,106400,468,81
53229,movie,106458,549,80
53231,movie,106462,629,78
53237,movie,106474,707,77
53244,movie,106488,784,80
53245,movie,106490,864,80
53284,movie,106568,944,69
53299,movie,106598,1013,80
53336,movie,106672,1093,68
53404,movie,106808,1161,80
53423,movie,106846,1241,77
53426,movie,106852,1318,78
53430,movie,106860,1396,77
53442,movie,106884,1473,71
53446,movie,106892,1544,81
53457,movie,106914,1625,77
53459,movie,106918,1702,80
53463,movie,106926,1782,75
53487,movie,106974,1857,76
53522,movie,107044,1933,79
53528,movie,107056,2012,78
53567,movie,107134,2090,71
53569,movie,107138,2161,73
53571,movie,107142,2234,79
53596,movie,107192,2313,74
53650,movie,107300,2387,77
53651,movie,107302,2464,81
53712,movie,107424,2545,72
53714,movie,107428,2617,81
53761,movie,107522,2698,75
53779,movie,107558,2773,75
53792,movie,107584,2848,73
53800,movie,107600,2921,71
53857,movie,107714,2992,77
53858,movie,107716,3069,60
53864,movie,107728,3129,68
53868,movie,107736,3197,79
53872,movie,107744,3276,81
53873,movie,107746,3357,60
53879,movie,107758,3417,81
53896,movie,107792,3498,79
53905,movie,107810,3577,79
53906,movie,107812,3656,79
53922,movie,107844,3735,46
53949,movie,107898,3781,80
53950,movie,107900,3861,81
53953,movie,107906,3942,81
53967,movie,107934,4023,71
53994,movie,107988,4094,75
54000,movie,108000,4169,75
54003,movie,108006,4244,71
54004,movie,108008,4315,57
54005,movie,108010,4372,60
54008,movie,108016,4432,78
54011,movie,108022,4510,81
54013,movie,108026,4591,78
54028,movie,108056,4669,81
54054,movie,108108,4750,71
54075,movie,108150,4821,79
54081,movie,108162,4900,78
54083,movie,108166,4978,79
54087,movie,108174,5057,58
54093,movie,108186,5115,73
54109,movie,108218,5188,81
54111,movie,108222,5269,81
54112,movie,108224,5350,80
54116,movie,108232,5430,81
54117,movie,108234,5511,81
54118,movie,108236,5592,79
54121,movie,108242,5671,81
54127,movie,108254,5752,81
54132,movie,108264,5833,81
54133,movie,108266,5914,81
54138,movie,108276,5995,72
54139,movie,108278,6067,61
54140,movie,108280,6128,78
54160,movie,108320,6206,78
54178,movie,108356,6284,79
54186,movie,108372,6363,76
54271,movie,108542,6439,74
54287,movie,108574,6513,73
54291,movie,108582,6586,80
54293,movie,108586,6666,79
54300,movie,108600,6745,78
54318,movie,108636,6823,78
54320,movie,108640,6901,67
54328,movie,108656,6968,80
54357,tvshow,108715,7048,74
54390,movie,108780,7122,80
54392,movie,108784,7202,59
54396,movie,108792,7261,77
54415,movie,108830,7338,74
54431,movie,108862,7412,81
54433,movie,108866,7493,81
54439,movie,108878,7574,79
54445,movie,108890,7653,74
54469,movie,108938,7727,69
54494,movie,108988,7796,73
54511,movie,109022,7869,80
54518,movie,109036,7949,71
54523,movie,109046,8020,81
54532,movie,109064,8101,74
54541,movie,109082,8175,80
54546,movie,109092,8255,78
54557,movie,109114,8333,75
54568,movie,109136,8408,78
54569,movie,109138,8486,70
54580,movie,109160,8556,73
54586,movie,109172,8629,71
54588,movie,109176,8700,74
54635,movie,109270,8774,79
54639,movie,109278,8853,81
54648,movie,109296,8934,80
54653,movie,109306,9014,77
54662,movie,109324,9091,77
54663,movie,109326,9168,77
54670,movie,109340,9245,64
54700,movie,109400,9309,81
54702,movie,109404,9390,81
54723,movie,109446,9471,66
54795,movie,109590,9537,74
54801,movie,109602,9611,77
54803,movie,109606,9688,80
54873,movie,109746,9768,77
54890,movie,109780,9845,81
54897,movie,109794,9926,75
54898,movie,109796,10001,80
54901,movie,109802,10081,68
54910,movie,109820,10149,75
54933,movie,109866,10224,77
54940,movie,109880,10301,78
54962,movie,109924,10379,79
54963,movie,109926,10458,81
54979,movie,109958,10539,80
54982,movie,109964,10619,80
54986,movie,109972,10699,77
55009,movie,110018,10776,79
55015,movie,110030,10855,72
55016,movie,110032,10927,76
55018,movie,110036,11003,75
55047,movie,110094,11078,67
55061,movie,110122,11145,73
55066,movie,110132,11218,79
55086,movie,110172,11297,77
55101,movie,110202,11374,72
55102,movie,110204,11446,80
55106,movie,110212,11526,76
55123,movie,110246,11602,77
55150,movie,110300,11679,80
55152,movie,110304,11759,81
55177,movie,110354,11840,70
55192,movie,110384,11910,79
55207,movie,110414,11989,77
55215,movie,110430,12066,75
55236,movie,110472,12141,79
55238,movie,110476,12220,78
55239,movie,110478,12298,77
55240,movie,110480,12375,77
55244,movie,110488,12452,80
55248,movie,110496,12532,80
55249,movie,110498,12612,72
55292,movie,110584,12684,76
55294,movie,110588,12760,76
55300,movie,110600,12836,74
55301,movie,110602,12910,77
55305,movie,110610,12987,80
55306,movie,110612,13067,70
55309,movie,110618,13137,81
55341,movie,110682,13218,78
55343,movie,110686,13296,79
55347,movie,110694,13375,78
55368,movie,110736,13453,78
55372,movie,110744,13531,79
55376,movie,110752,13610,79
55377,movie,110754,13689,80
55380,movie,110760,13769,76
55386,movie,110772,13845,76
55401,movie,110802,13921,75
55420,movie,110840,13996,57
55449,movie,110898,14053,81
55457,movie,110914,14134,74
55465,movie,110930,14208,75
55472,movie,110944,14283,81
55529,movie,111058,14364,79
55537,movie,111074,14443,81
55538,movie,111076,14524,81
55547,movie,111094,14605,78
55551,movie,111102,14683,80
55561,movie,111122,14763,59
55563,movie,111126,14822,77
55587,movie,111174,14899,79
55589,movie,111178,14978,73
55600,movie,111200,15051,81
55604,movie,111208,15132,79
55605,movie,111210,15211,52
55616,movie,111232,15263,78
55624,movie,111248,15341,80
55650,movie,111300,15421,80
55657,movie,111314,15501,70
55660,movie,111320,15571,80
55663,movie,111326,15651,78
55667,movie,111334,15729,80
55680,movie,111360,15809,64
55681,movie,111362,15873,80
55687,movie,111374,15953,81
55689,movie,111378,16034,81
55720,movie,111440,16115,81
55721,movie,111442,16196,75
55723,movie,111446,16271,80
55725,movie,111450,16351,62
55773,movie,111546,16413,55
55779,movie,111558,16468,81
55784,movie,111568,16549,81
55785,movie,111570,16630,79
55787,movie,111574,16709,73
55831,movie,111662,16782,67
55846,movie,111692,16849,69
55848,movie,111696,16918,70
55860,movie,111720,16988,75
55872,movie,111744,17063,81
55888,movie,111776,17144,76
55890,movie,111780,17220,80
55903,movie,111806,17300,77
55909,movie,111818,17377,51
55912,movie,111824,17428,81
55931,movie,111862,17509,68
55934,movie,111868,17577,54
55936,movie,111872,17631,81
55949,movie,111898,17712,75
55952,movie,111904,17787,80
55955,movie,111910,17867,75
56092,movie,112184,17942,79
56125,movie,112250,18021,76
56135,movie,112270,18097,79
56137,movie,112274,18176,79
56140,movie,112280,18255,74
56142,movie,112284,18329,75
56150,movie,112300,18404,81
56152,movie,112304,18485,80
56156,movie,112312,18565,72
56157,movie,112314,18637,71
56164,movie,112328,18708,75
56165,movie,112330,18783,78
56168,movie,112336,18861,69
56171,movie,112342,18930,79
56178,movie,112356,19009,80
56180,movie,112360,19089,81
56188,movie,112376,19170,81
56224,movie,112448,19251,80
56259,movie,112518,19331,80
56272,movie,112544,19411,70
56288,movie,112576,19481,74
56292,movie,112584,19555,80
56295,movie,112590,19635,69
56295,tvshow,112591,19704,75
56296,movie,112592,19779,78
56299,tvshow,112599,19857,69
56308,movie,112616,19926,62
56317,movie,112634,19988,78
56321,movie,112642,20066,78
56338,movie,112676,20144,74
56364,movie,112728,20218,76
56373,movie,112746,20294,78
56383,movie,112766,20372,81
56401,movie,112802,20453,77
56431,movie,112862,20530,81
56448,movie,112896,20611,79
56474,movie,112948,20690,59
56484,tvshow,112969,20749,51
56518,movie,113036,20800,80
56527,movie,113054,20880,79
56529,movie,113058,20959,81
56530,movie,113060,21040,78
56537,movie,113074,21118,79
56539,movie,113078,21197,80
56568,tvshow,113137,21277,73
56590,movie,113180,21350,74
56597,movie,113194,21424,81
56601,movie,113202,21505,77
56616,movie,113232,21582,81
56663,movie,113326,21663,80
56702,movie,113404,21743,80
56705,movie,113410,21823,80
56715,movie,113430,21903,71
56724,movie,113448,21974,81
56743,movie,113486,22055,76
56764,movie,113528,22131,79
56767,movie,113534,22210,75
56769,movie,113538,22285,71
56780,movie,113560,22356,65
56787,movie,113574,22421,80
56800,movie,113600,22501,76
56811,movie,113622,22577,75
56812,movie,113624,22652,75
56830,movie,113660,22727,75
56831,movie,113662,22802,75
56832,movie,113664,22877,73
56839,movie,113678,22950,62
56901,movie,113802,23012,75
56906,movie,113812,23087,80
56928,movie,113856,23167,73
56931,movie,113862,23240,81
56937,movie,113874,23321,81
56969,movie,113938,23402,80
56986,movie,113972,23482,80
56998,tvshow,113997,23562,74
57005,movie,114010,23636,70
57022,movie,114044,23706,71
57035,movie,114070,23777,79
57089,movie,114178,23856,77
57092,tvshow,114185,23933,54
57100,movie,114200,23987,75
57103,movie,114206,24062,72
57118,movie,114236,24134,67
57119,movie,114238,24201,71
57120,movie,114240,24272,78
57157,movie,114314,24350,71
57158,movie,114316,24421,75
57165,movie,114330,24496,76
57190,movie,114380,24572,69
57196,movie,114392,24641,81
57201,movie,114402,24722,77
57212,movie,114424,24799,77
57214,movie,114428,24876,74
57230,movie,114460,24950,78
57243,movie,114486,25028,76
57258,movie,114516,25104,81
57276,movie,114552,25185,77
57283,movie,114566,25262,76
57300,movie,114600,25338,74
57313,movie,114626,25412,81
57326,movie,114652,25493,81
57337,movie,114674,25574,79
57353,movie,114706,25653,77
57361,movie,114722,25730,78
57389,movie,114778,25808,77
57389,tvshow,114779,25885,63
57406,movie,114812,25948,80
57412,movie,114824,26028,80
57431,movie,114862,26108,75
57447,movie,114894,26183,81
57486,movie,114972,26264,69
57559,movie,115118,26333,79
57564,movie,115128,26412,79
57575,movie,115150,26491,79
57585,movie,115170,26570,80
57586,movie,115172,26650,76
57597,movie,115194,26726,77
57647,tvshow,115295,26803,74
57665,movie,115330,26877,81
57680,movie,115360,26958,70
57684,movie,115368,27028,80
57695,movie,115390,27108,68
57698,movie,115396,27176,81
57703,movie,115406,27257,79
57749,movie,115498,27336,80
57800,movie,115600,27416,80
57812,movie,115624,27496,77
57825,movie,115650,27573,81
57829,movie,115658,27654,72
57834,movie,115668,27726,73
57868,movie,115736,27799,78
57873,movie,115746,27877,61
57876,movie,115752,27938,76
57901,movie,115802,28014,81
57926,movie,115852,28095,79
57943,movie,115886,28174,78
57949,movie,115898,28252,73
57950,movie,115900,28325,81
57961,movie,115922,28406,80
57976,movie,115952,28486,81
57978,movie,115956,28567,75
57980,movie,115960,28642,76
57993,movie,115986,28718,75
58048,movie,116096,28793,79
58051,movie,116102,28872,73
58093,movie,116186,28945,80
58128,movie,116256,29025,76
58129,movie,116258,29101,78
58151,movie,116302,29179,75
58192,movie,116384,29254,81
58200,movie,116400,29335,80
58218,movie,116436,29415,81
58224,movie,116448,29496,64
58232,movie,116464,29560,80
58233,movie,116466,29640,78
58244,movie,116488,29718,65
58251,movie,116502,29783,75
58261,movie,116522,29858,73
58293,movie,116586,29931,70
58302,movie,116604,30001,80
58333,movie,116666,30081,80
58411,movie,116822,30161,81
58428,movie,116856,30242,80
58429,movie,116858,30322,77
58431,movie,116862,30399,73
58446,movie,116892,30472,59
58462,movie,116924,30531,71
58467,movie,116934,30602,67
58470,movie,116940,30669,65
58474,tvshow,116949,30734,72
58492,movie,116984,30806,68
58496,movie,116992,30874,79
58520,movie,117040,30953,65
58547,movie,117094,31018,72
58574,movie,117148,31090,79
58595,movie,117190,31169,70
58626,movie,117252,31239,79
58628,movie,117256,31318,70
58648,movie,117296,31388,74
58699,movie,117398,31462,75
58765,movie,117530,31537,79
58767,movie,117534,31616,71
58770,movie,117540,31687,77
58772,movie,117544,31764,79
58788,movie,117576,31843,81
58789,movie,117578,31924,79
58790,movie,117580,32003,81
58791,movie,117582,32084,81
58797,movie,117594,32165,79
58806,movie,117612,32244,73
58857,movie,117714,32317,81
58864,movie,117728,32398,78
58882,movie,117764,32476,80
58899,movie,117798,32556,80
58902,movie,117804,32636,76
58903,movie,117806,32712,77
58905,movie,117810,32789,71
58925,movie,117850,32860,75
58934,movie,117868,32935,73
58946,movie,117892,33008,69
58985,movie,117970,33077,79
58997,movie,117994,33156,80
59006,movie,118012,33236,62
59051,movie,118102,33298,75
59065,movie,118130,33373,79
59087,movie,118174,33452,80
59095,movie,118190,33532,67
59108,movie,118216,33599,77
59115,movie,118230,33676,76
59127,movie,118254,33752,81
59143,movie,118286,33833,75
59145,movie,118290,33908,74
59158,movie,118316,33982,69
59189,movie,118378,34051,78
59197,movie,118394,34129,75
59201,movie,118402,34204,76
59210,movie,118420,34280,77
59219,movie,118438,34357,76
59231,movie,118462,34433,78
59232,movie,118464,34511,78
59238,movie,118476,34589,47
59239,movie,118478,34636,81
59267,movie,118534,34717,81
59270,movie,118540,34798,71
59317,movie,118634,34869,80
59387,movie,118774,34949,62
59392,movie,118784,35011,70
59401,movie,118802,35081,81
59408,movie,118816,35162,76
59421,movie,118842,35238,81
59427,movie,118854,35319,79
59435,movie,118870,35398,71
59436,movie,118872,35469,78
59437,movie,118874,35547,77
59440,movie,118880,35624,77
59457,movie,118914,35701,79
59468,movie,118936,35780,79
59480,movie,118960,35859,81
59490,movie,118980,35940,79
59500,movie,119000,36019,73
59558,movie,119116,36092,79
59593,movie,119186,36171,78
59643,tvshow,119287,36249,71
59678,movie,119356,36320,76
59709,movie,119418,36396,80
59722,movie,119444,36476,74
59726,movie,119452,36550,80
59734,movie,119468,36630,80
59738,movie,119476,36710,80
59744,movie,119488,36790,81
59762,movie,119524,36871,81
59797,movie,119594,36952,81
59802,movie,119604,37033,76
59809,movie,119618,37109,76
59820,movie,119640,37185,79
59859,movie,119718,37264,67
59860,movie,119720,37331,75
59861,movie,119722,37406,74
59882,movie,119764,37480,81
59883,movie,119766,37561,66
59892,movie,119784,37627,80
59912,movie,119824,37707,81
59917,movie,119834,37788,75
59922,movie,119844,37863,79
59943,movie,119886,37942,77
59961,movie,119922,38019,73
59962,movie,119924,38092,74
59963,movie,119926,38166,80
59964,movie,119928,38246,81
59965,movie,119930,38327,74
59967,movie,119934,38401,75
59968,movie,119936,38476,61
59973,movie,119946,38537,53
59981,movie,119962,38590,80
59995,movie,119990,38670,74
60011,movie,120022,38744,79
60041,movie,120082,38823,75
60062,movie,120124,38898,52
60066,tvshow,120133,38950,68
60076,movie,120152,39018,80
60086,movie,120172,39098,81
60124,movie,120248,39179,79
60158,movie,120316,39258,81
60159,movie,120318,39339,77
60160,movie,120320,39416,77
60216,movie,120432,39493,78
60243,movie,120486,39571,79
60269,movie,120538,39650,72
60270,movie,120540,39722,67
60281,movie,120562,39789,81
60285,movie,120570,39870,80
60287,movie,120574,39950,78
60304,movie,120608,40028,74
60307,movie,120614,40102,49
60308,movie,120616,40151,76
60309,movie,120618,40227,79
60362,movie,120724,40306,80
60366,movie,120732,40386,79
60394,movie,120788,40465,73
60400,movie,120800,40538,79
60420,movie,120840,40617,79
60421,movie,120842,40696,60
60422,movie,120844,40756,72
60437,movie,120874,40828,78
60489,movie,120978,40906,80
60534,movie,121068,40986,61
60540,movie,121080,41047,77
60545,movie,121090,41124,81
60547,movie,121094,41205,80
60550,movie,121100,41285,80
60555,movie,121110,41365,81
60562,movie,121124,41446,81
60566,movie,121132,41527,76
60567,movie,121134,41603,78
60573,movie,121146,41681,77
60575,movie,121150,41758,79
60579,movie,121158,41837,78
60587,movie,121174,41915,77
60599,movie,121198,41992,67
60631,movie,121262,42059,76
60643,movie,121286,42135,79
60646,movie,121292,42214,80
60662,movie,121324,42294,45
60666,movie,121332,42339,67
60670,movie,121340,42406,71
60671,movie,121342,42477,75
60672,movie,121344,42552,77
60728,tvshow,121457,42629,67
60741,tvshow,121483,42696,56
60747,movie,121494,42752,76
60792,movie,121584,42828,77
60808,movie,121616,42905,77
60808,tvshow,121617,42982,58
60828,movie,121656,43040,75
60853,movie,121706,43115,76
60858,tvshow,121717,43191,59
60859,movie,121718,43250,80
60935,movie,121870,43330,79
60938,movie,121876,43409,73
60950,movie,121900,43482,80
60956,tvshow,121913,43562,77
60957,tvshow,121915,43639,71
60963,movie,121926,43710,79
60966,movie,121932,43789,80
60994,movie,121988,43869,77
61012,movie,122024,43946,79
61020,movie,122040,44025,70
61044,movie,122088,44095,81
61048,movie,122096,44176,75
61049,movie,122098,44251,80
61095,movie,122190,44331,80
61105,movie,122210,44411,64
61123,tvshow,122247,44475,53
61132,tvshow,122265,44528,80
61148,tvshow,122297,44608,65
61151,movie,122302,44673,76
61165,movie,122330,44749,80
61185,movie,122370,44829,61
61194,movie,122388,44890,76
61196,movie,122392,44966,79
61202,movie,122404,45045,76
61203,movie,122406,45121,77
61221,movie,122442,45198,63
61222,movie,122444,45261,73
61223,tvshow,122447,45334,63
61225,movie,122450,45397,80
61237,movie,122474,45477,80
61241,tvshow,122483,45557,65
61280,movie,122560,45622,76
61299,tvshow,122599,45698,10
61341,movie,122682,45708,79
61346,movie,122692,45787,79
61348,movie,122696,45866,78
61369,movie,122738,45944,78
61370,movie,122740,46022,78
61374,tvshow,122749,46100,57
61392,movie,122784,46157,80
61402,movie,122804,46237,80
61404,movie,122808,46317,80
61405,tvshow,122811,46397,48
61421,tvshow,122843,46445,60
61430,movie,122860,46505,81
61459,tvshow,122919,46586,66
61461,tvshow,122923,46652,60
61462,movie,122924,46712,79
61475,movie,122950,46791,78
61487,movie,122974,46869,79
61501,movie,123002,46948,75
61523,movie,123046,47023,80
61540,movie,123080,47103,71
61559,movie,123118,47174,70
61564,movie,123128,47244,80
61585,tvshow,123171,47324,74
61594,movie,123188,47398,80
61611,tvshow,123223,47478,77
61617,tvshow,123235,47555,68
61634,tvshow,123269,47623,73
61650,movie,123300,47696,79
61663,tvshow,123327,47775,76
61667,movie,123334,47851,77
61670,tvshow,123341,47928,74
61678,tvshow,123357,48002,76
61683,movie,123366,48078,78
61689,movie,123378,48156,78
61697,tvshow,123395,48234,53
61698,movie,123396,48287,80
61702,movie,123404,48367,71
61711,movie,123422,48438,76
61717,movie,123434,48514,73
61729,tvshow,123459,48587,69
61752,movie,123504,48656,66
61752,tvshow,123505,48722,72
61755,movie,123510,48794,80
61791,movie,123582,48874,68
61831,tvshow,123663,48942,70
61859,tvshow,123719,49012,65
61873,tvshow,123747,49077,74
61880,movie,123760,49151,80
61891,movie,123782,49231,64
61892,movie,123784,49295,79
61901,tvshow,123803,49374,63
61904,movie,123808,49437,81
61909,movie,123818,49518,80
61929,tvshow,123859,49598,73
61934,movie,123868,49671,79
61943,movie,123886,49750,80
61954,movie,123908,49830,77
61964,movie,123928,49907,79
61967,tvshow,123935,49986,62
61979,movie,123958,50048,68
61984,movie,123968,50116,71
61988,movie,123976,50187,79
62000,movie,124000,50266,76
62008,movie,124016,50342,78
62039,tvshow,124079,50420,81
62046,movie,124092,50501,78
62108,movie,124216,50579,78
62127,movie,124254,50657,80
62130,tvshow,124261,50737,50
62131,movie,124262,50787,81
62132,movie,124264,50868,80
62143,movie,124286,50948,58
62177,movie,124354,51006,75
62188,movie,124376,51081,70
62190,movie,124380,51151,80
62204,movie,124408,51231,68
62206,movie,124412,51299,76
62211,movie,124422,51375,80
62213,movie,124426,51455,69
62214,movie,124428,51524,80
62215,movie,124430,51604,73
62255,movie,124510,51677,78
62266,tvshow,124533,51755,75
62285,tvshow,124571,51830,65
62287,tvshow,124575,51895,78
62320,movie,124640,51973,77
62326,movie,124652,52050,65
62395,movie,124790,52115,78
62441,movie,124882,52193,76
62478,tvshow,124957,52269,56
62516,tvshow,125033,52325,68
62560,movie,125120,52393,81
62567,movie,125134,52474,81
62580,movie,125160,52555,78
62593,tvshow,125187,52633,80
62630,movie,125260,52713,67
62652,movie,125304,52780,80
62655,movie,125310,52860,77
62661,movie,125322,52937,81
62676,movie,125352,53018,71
62677,movie,125354,53089,78
62694,movie,125388,53167,74
62697,movie,125394,53241,81
62698,movie,125396,53322,80
62699,tvshow,125399,53402,74
62717,tvshow,125435,53476,47
62720,movie,125440,53523,79
62727,movie,125454,53602,80
62728,movie,125456,53682,74
62732,tvshow,125465,53756,74
62734,movie,125468,53830,80
62754,movie,125508,53910,77
62761,movie,125522,53987,79
62764,movie,125528,54066,76
62796,movie,125592,54142,73
62804,movie,125608,54215,75
62829,tvshow,125659,54290,73
62835,movie,125670,54363,78
62837,movie,125674,54441,77
62838,movie,125676,54518,76
62847,movie,125694,54594,69
62855,movie,125710,54663,76
62878,movie,125756,54739,65
62883,movie,125766,54804,80
62904,movie,125808,54884,80
62932,movie,125864,54964,80
62956,movie,125912,55044,60
62977,tvshow,125955,55104,62
62994,movie,125988,55166,76
62996,movie,125992,55242,61
63006,movie,126012,55303,76
63021,tvshow,126043,55379,38
63025,movie,126050,55417,80
63026,movie,126052,55497,79
63087,movie,126174,55576,81
63087,tvshow,126175,55657,78
63088,movie,126176,55735,80
63096,movie,126192,55815,77
63100,movie,126200,55892,77
63105,movie,126210,55969,78
63119,tvshow,126239,56047,75
63145,tvshow,126291,56122,59
63188,movie,126376,56181,75
63191,movie,126382,56256,64
63193,movie,126386,56320,76
63197,movie,126394,56396,78
63207,movie,126414,56474,81
63248,tvshow,126497,56555,69
63287,movie,126574,56624,78
63297,movie,126594,56702,75
63310,movie,126620,56777,65
63311,movie,126622,56842,76
63315,movie,126630,56918,72
63317,movie,126634,56990,80
63318,movie,126636,57070,78
63333,movie,126666,57148,74
63340,movie,126680,57222,78
63348,movie,126696,57300,79
63350,movie,126700,57379,80
63360,movie,126720,57459,81
63382,movie,126764,57540,81
63443,movie,126886,57621,60
63460,movie,126920,57681,79
63483,movie,126966,57760,61
63492,movie,126984,57821,77
63493,movie,126986,57898,71
63498,movie,126996,57969,81
63502,movie,127004,58050,76
63507,movie,127014,58126,80
63517,movie,127034,58206,80
63555,movie,127110,58286,77
63574,movie,127148,58363,74
63578,movie,127156,58437,54
63579,movie,127158,58491,78
63590,movie,127180,58569,81
63617,movie,127234,58650,80
63618,movie,127236,58730,78
63634,movie,127268,58808,81
63647,tvshow,127295,58889,57
63654,movie,127308,58946,80
63670,movie,127340,59026,79
63725,movie,127450,59105,79
63727,movie,127454,59184,80
63736,movie,127472,59264,79
63749,movie,127498,59343,81
63767,tvshow,127535,59424,73
63777,movie,127554,59497,76
63795,movie,127590,59573,76
63831,movie,127662,59649,80
63840,tvshow,127681,59729,45
63848,movie,127696,59774,53
63858,movie,127716,59827,77
63888,movie,127776,59904,68
63892,movie,127784,59972,78
63945,movie,127890,60050,75
63956,movie,127912,60125,78
63964,movie,127928,60203,79
64010,tvshow,128021,60282,66
64075,movie,128150,60348,79
64076,movie,128152,60427,80
64077,movie,128154,60507,79
64079,movie,128158,60586,79
64099,tvshow,128199,60665,67
64104,movie,128208,60732,59
64109,movie,128218,60791,69
64129,movie,128258,60860,80
64131,movie,128262,60940,79
64142,movie,128284,61019,79
64158,movie,128316,61098,77
64158,tvshow,128317,61175,40
64167,movie,128334,61215,70
64288,movie,128576,61285,79
64291,movie,128582,61364,48
64293,movie,128586,61412,62
64319,movie,128638,61474,79
64320,movie,128640,61553,72
64325,movie,128650,61625,79
64328,movie,128656,61704,78
64334,movie,128668,61782,80
64368,movie,128736,61862,80
64382,movie,128764,61942,73
64383,tvshow,128767,62015,62
64439,tvshow,128879,62077,73
64464,tvshow,128929,62150,52
64499,movie,128998,62202,65
64524,movie,129048,62267,80
64525,movie,129050,62347,80
64528,movie,129056,62427,81
64534,movie,129068,62508,80
64538,movie,129076,62588,72
64568,movie,129136,62660,80
64586,movie,129172,62740,75
64605,movie,129210,62815,81
64624,movie,129248,62896,81
64630,movie,129260,62977,81
64635,movie,129270,63058,79
64639,movie,129278,63137,81
64655,movie,129310,63218,74
64678,movie,129356,63292,65
64682,movie,129364,63357,80
64684,tvshow,129369,63437,71
64685,movie,129370,63508,78
64685,tvshow,129371,63586,72
64686,movie,129372,63658,74
64688,movie,129376,63732,78
64689,movie,129378,63810,72
64690,movie,129380,63882,76
64720,movie,129440,63958,79
64735,movie,129470,64037,80
64792,movie,129584,64117,81
64801,movie,129602,64198,81
64802,movie,129604,64279,74
64807,movie,129614,64353,74
64828,movie,129656,64427,51
64840,tvshow,129681,64478,60
64847,movie,129694,64538,77
64853,movie,129706,64615,81
64854,movie,129708,64696,79
64883,movie,129766,64775,81
64921,movie,129842,64856,81
64924,movie,129848,64937,81
64925,movie,129850,65018,72
64929,movie,129858,65090,76
64976,movie,129952,65166,80
64984,movie,129968,65246,72
65012,movie,130024,65318,80
65014,movie,130028,65398,79
65034,movie,130068,65477,73
65035,movie,130070,65550,68
65046,movie,130092,65618,67
65051,movie,130102,65685,76
65055,movie,130110,65761,81
65057,movie,130114,65842,70
65058,movie,130116,65912,55
65066,movie,130132,65967,75
65086,movie,130172,66042,81
65114,movie,130228,66123,78
65143,tvshow,130287,66201,76
65153,tvshow,130307,66277,61
65170,tvshow,130341,66338,80
65203,movie,130406,66418,81
65212,movie,130424,66499,80
65214,movie,130428,66579,80
65215,movie,130430,66659,71
65218,movie,130436,66730,70
65229,movie,130458,66800,72
65249,tvshow,130499,66872,64
65251,tvshow,130503,66936,34
65252,movie,130504,66970,80
65255,movie,130510,67050,78
65262,movie,130524,67128,80
65296,movie,130592,67208,59
65317,movie,130634,67267,81
65374,movie,130748,67348,80
65397,movie,130794,67428,53
65402,movie,130804,67481,78
65454,tvshow,130909,67559,41
65460,movie,130920,67600,79
65488,movie,130976,67679,79
65502,movie,131004,67758,76
65507,movie,131014,67834,60
65513,movie,131026,67894,69
65521,movie,131042,67963,71
65522,tvshow,131045,68034,77
65549,tvshow,131099,68111,53
65550,movie,131100,68164,79
65580,movie,131160,68243,78
65581,movie,131162,68321,80
65584,movie,131168,68401,73
65587,movie,131174,68474,81
65588,movie,131176,68555,80
65599,movie,131198,68635,81
65603,movie,131206,68716,79
65632,movie,131264,68795,78
65635,tvshow,131271,68873,45
65648,tvshow,131297,68918,72
65650,movie,131300,68990,63
65726,movie,131452,69053,77
65749,movie,131498,69130,77
65754,movie,131508,69207,69
65759,movie,131518,69276,81
65760,movie,131520,69357,73
65787,movie,131574,69430,81
65796,movie,131592,69511,78
65813,tvshow,131627,69589,75
65830,movie,131660,69664,74
65858,movie,131716,69738,78
65891,movie,131782,69816,77
65899,movie,131798,69893,79
65939,movie,131878,69972,69
65946,movie,131892,70041,79
65955,movie,131910,70120,76
65994,movie,131988,70196,72
66022,movie,132044,70268,79
66027,movie,132054,70347,80
66034,movie,132068,70427,74
66035,movie,132070,70501,76
66043,movie,132086,70577,80
66104,movie,132208,70657,76
66108,movie,132216,70733,75
66113,movie,132226,70808,73
66120,movie,132240,70881,79
66121,movie,132242,70960,80
66125,movie,132250,71040,67
66150,movie,132300,71107,77
66164,movie,132328,71184,80
66192,movie,132384,71264,81
66193,movie,132386,71345,78
66195,movie,132390,71423,73
66211,movie,132422,71496,75
66212,movie,132424,71571,81
66238,tvshow,132477,71652,46
66272,tvshow,132545,71698,78
66276,tvshow,132553,71776,49
66292,tvshow,132585,71825,51
66330,tvshow,132661,71876,65
66433,tvshow,132867,71941,68
66466,movie,132932,72009,74
66473,movie,132946,72083,81
66496,tvshow,132993,72164,67
66568,movie,133136,72231,78
66588,movie,133176,72309,79
66606,tvshow,133213,72388,72
66641,movie,133282,72460,81
66641,tvshow,133283,72541,65
66664,movie,133328,72606,79
66701,movie,133402,72685,81
66722,movie,133444,72766,65
66737,tvshow,133475,72831,73
66738,tvshow,133477,72904,76
66745,movie,133490,72980,71
66775,movie,133550,73051,78
66776,tvshow,133553,73129,78
66841,movie,133682,73207,79
66869,movie,133738,73286,77
66881,movie,133762,73363,81
66892,movie,133784,73444,81
66918,movie,133836,73525,81
66923,movie,133846,73606,61
66942,movie,133884,73667,66
67018,tvshow,134037,73733,71
67046,tvshow,134093,73804,50
67060,movie,134120,73854,80
67084,tvshow,134169,73934,76
67087,movie,134174,74010,81
67109,movie,134218,74091,78
67170,tvshow,134341,74169,67
67172,tvshow,134345,74236,62
67183,movie,134366,74298,81
67219,movie,134438,74379,81
67221,movie,134442,74460,79
67232,movie,134464,74539,77
67238,movie,134476,74616,71
67273,movie,134546,74687,73
67289,movie,134578,74760,81
67298,movie,134596,74841,73
67302,movie,134604,74914,81
67309,movie,134618,74995,80
67320,movie,134640,75075,81
67326,movie,134652,75156,65
67342,movie,134684,75221,81
67362,movie,134724,75302,75
67391,tvshow,134783,75377,72
67411,movie,134822,75449,75
67440,movie,134880,75524,80
67443,tvshow,134887,75604,52
67515,movie,135030,75656,81
67532,movie,135064,75737,80
67612,movie,135224,75817,76
67642,movie,135284,75893,81
67660,movie,135320,75974,76
67716,movie,135432,76050,78
67729,movie,135458,76128,80
67737,movie,135474,76208,81
67740,movie,135480,76289,75
67744,movie,135488,76364,79
67748,movie,135496,76443,79
67749,movie,135498,76522,79
67772,movie,135544,76601,75
67809,movie,135618,76676,71
67822,movie,135644,76747,81
67858,tvshow,135717,76828,75
67880,movie,135760,76903,80
67884,movie,135768,76983,73
67885,movie,135770,77056,81
67911,movie,135822,77137,73
67913,movie,135826,77210,73
67915,tvshow,135831,77283,73
67960,tvshow,135921,77356,28
67967,movie,135934,77384,81
67974,movie,135948,77465,81
67975,movie,135950,77546,78
68003,tvshow,136007,77624,72
68035,tvshow,136071,77696,74
68050,movie,136100,77770,71
68095,movie,136190,77841,79
68116,movie,136232,77920,80
68129,tvshow,136259,78000,73
68133,movie,136266,78073,80
68146,movie,136292,78153,80
68167,movie,136334,78233,72
68174,movie,136348,78305,74
68179,movie,136358,78379,72
68180,movie,136360,78451,79
68198,movie,136396,78530,78
68200,movie,136400,78608,81
68256,movie,136512,78689,76
68293,tvshow,136587,78765,74
68309,movie,136618,78839,79
68341,movie,136682,78918,80
68347,movie,136694,78998,81
68349,tvshow,136699,79079,73
68352,movie,136704,79152,68
68394,tvshow,136789,79220,72
68427,movie,136854,79292,79
68439,movie,136878,79371,74
68440,movie,136880,79445,80
68446,movie,136892,79525,62
68505,movie,137010,79587,81
68509,movie,137018,79668,81
68569,movie,137138,79749,78
68572,movie,137144,79827,78
68595,tvshow,137191,79905,78
68684,movie,137368,79983,75
68692,movie,137384,80058,74
68718,movie,137436,80132,78
68721,movie,137442,80210,80
68722,movie,137444,80290,69
68724,movie,137448,80359,72
68726,movie,137452,80431,80
68727,movie,137454,80511,77
68728,movie,137456,80588,74
68730,movie,137460,80662,78
68734,movie,137468,80740,71
68735,movie,137470,80811,69
68737,movie,137474,80880,66
68758,movie,137516,80946,80
68799,tvshow,137599,81026,63
68800,tvshow,137601,81089,69
68812,movie,137624,81158,69
68814,tvshow,137629,81227,73
68817,movie,137634,81300,75
68818,movie,137636,81375,79
68822,movie,137644,81454,79
68849,movie,137698,81533,72
68850,movie,137700,81605,80
68878,movie,137756,81685,77
68924,movie,137848,81762,73
68942,movie,137884,81835,80
68964,movie,137928,81915,81
69059,movie,138118,81996,81
69065,movie,138130,82077,81
69075,movie,138150,82158,81
69090,tvshow,138181,82239,80
69119,movie,138238,82319,80
69152,movie,138304,82399,81
69165,movie,138330,82480,79
69205,tvshow,138411,82559,78
69217,movie,138434,82637,81
69266,movie,138532,82718,75
69270,movie,138540,82793,81
69272,movie,138544,82874,81
69276,movie,138552,82955,80
69292,movie,138584,83035,70
69315,movie,138630,83105,65
69321,movie,138642,83170,70
69324,movie,138648,83240,76
69336,movie,138672,83316,70
69342,movie,138684,83386,71
69343,movie,138686,83457,79
69437,movie,138874,83536,81
69480,movie,138960,83617,75
69520,movie,139040,83692,75
69526,movie,139052,83767,76
69537,movie,139074,83843,73
69557,movie,139114,83916,77
69576,movie,139152,83993,80
69578,movie,139156,84073,78
69579,movie,139158,84151,80
69597,movie,139194,84231,70
69605,movie,139210,84301,73
69636,movie,139272,84374,81
69668,movie,139336,84455,81
69735,movie,139470,84536,71
69773,tvshow,139547,84607,73
69774,movie,139548,84680,81
69775,movie,139550,84761,79
69777,movie,139554,84840,80
69778,movie,139556,84920,75
69780,movie,139560,84995,80
69785,movie,139570,85075,73
69798,movie,139596,85148,73
69848,movie,139696,85221,80
69851,tvshow,139703,85301,74
69870,movie,139740,85375,81
69872,movie,139744,85456,80
69898,movie,139796,85536,79
69977,movie,139954,85615,79
70006,movie,140012,85694,76
70008,movie,140016,85770,79
70009,movie,140018,85849,65
70027,movie,140054,85914,79
70051,movie,140102,85993,77
70057,movie,140114,86070,74
70067,movie,140134,86144,79
70074,movie,140148,86223,79
70084,movie,140168,86302,81
70106,movie,140212,86383,70
70113,movie,140226,86453,80
70123,movie,140246,86533,79
70160,movie,140320,86612,67
70168,tvshow,140337,86679,68
70191,movie,140382,86747,81
70196,movie,140392,86828,71
70199,movie,140398,86899,81
70215,tvshow,140431,86980,55
70259,movie,140518,87035,76
70338,movie,140676,87111,45
70345,movie,140690,87156,81
70351,movie,140702,87237,80
70368,movie,140736,87317,80
70386,movie,140772,87397,81
70391,tvshow,140783,87478,42
70418,movie,140836,87520,74
70435,movie,140870,87594,78
70436,movie,140872,87672,71
70440,tvshow,140881,87743,59
70443,movie,140886,87802,74
70448,movie,140896,87876,81
70452,tvshow,140905,87957,72
70453,tvshow,140907,88029,60
70498,movie,140996,88089,65
70500,movie,141000,88154,77
70512,movie,141024,88231,81
70537,tvshow,141075,88312,23
70574,movie,141148,88335,81
70575,movie,141150,88416,81
70577,movie,141154,88497,72
70578,movie,141156,88569,74
70581,movie,141162,88643,78
70584,movie,141168,88721,80
70586,movie,141172,88801,81
70590,movie,141180,88882,80
70627,movie,141254,88962,77
70635,movie,141270,89039,77
70649,tvshow,141299,89116,76
70667,movie,141334,89192,75
70670,movie,141340,89267,71
70695,movie,141390,89338,63
70702,movie,141404,89401,80
70703,movie,141406,89481,79
70706,movie,141412,89560,67
70721,tvshow,141443,89627,63
70740,movie,141480,89690,81
70744,tvshow,141489,89771,80
70753,movie,141506,89851,77
70779,movie,141558,89928,78
70810,movie,141620,90006,81
70821,movie,141642,90087,55
70842,movie,141684,90142,71
70845,movie,141690,90213,77
70864,movie,141728,90290,75
70868,movie,141736,90365,68
70872,movie,141744,90433,79
70876,movie,141752,90512,72
70881,movie,141762,90584,77
70925,movie,141850,90661,77
70950,movie,141900,90738,76
70954,movie,141908,90814,72
70971,movie,141942,90886,72
70981,movie,141962,90958,69
70984,movie,141968,91027,80
71033,movie,142066,91107,81
71042,movie,142084,91188,81
71066,movie,142132,91269,74
71068,movie,142136,91343,78
71138,movie,142276,91421,77
71147,movie,142294,91498,79
71157,movie,142314,91577,66
71171,movie,142342,91643,70
71181,tvshow,142363,91713,61
71189,movie,142378,91774,62
71206,movie,142412,91836,81
71208,movie,142416,91917,69
71241,movie,142482,91986,80
71244,movie,142488,92066,80
71254,movie,142508,92146,73
71282,movie,142564,92219,78
71325,movie,142650,92297,75
71326,movie,142652,92372,81
71349,tvshow,142699,92453,68
71395,movie,142790,92521,78
71469,movie,142938,92599,75
71481,movie,142962,92674,81
71503,movie,143006,92755,80
71520,movie,143040,92835,75
71547,movie,143094,92910,77
71550,movie,143100,92987,77
71552,movie,143104,93064,76
71556,movie,143112,93140,77
71562,movie,143124,93217,76
71575,movie,143150,93293,78
71622,movie,143244,93371,80
71626,movie,143252,93451,80
71668,movie,143336,93531,80
71670,movie,143340,93611,80
71672,movie,143344,93691,81
71676,movie,143352,93772,79
71677,movie,143354,93851,79
71679,movie,143358,93930,76
71688,movie,143376,94006,72
71689,movie,143378,94078,62
71690,movie,143380,94140,79
71692,movie,143384,94219,81
71700,movie,143400,94300,53
71701,movie,143402,94353,69
71705,tvshow,143411,94422,76
71783,movie,143566,94498,79
71821,movie,143642,94577,74
71829,movie,143658,94651,78
71859,movie,143718,94729,80
71864,movie,143728,94809,71
71880,movie,143760,94880,68
71881,movie,143762,94948,63
71883,movie,143766,95011,80
71886,movie,143772,95091,69
71915,tvshow,143831,95160,41
71920,movie,143840,95201,80
71930,movie,143860,95281,77
71943,movie,143886,95358,77
71944,movie,143888,95435,79
71945,movie,143890,95514,79
71967,tvshow,143935,95593,54
71990,movie,143980,95647,80
72032,movie,144064,95727,80
72039,tvshow,144079,95807,69
72061,tvshow,144123,95876,43
72083,movie,144166,95919,80
72086,movie,144172,95999,79
72087,movie,144174,96078,75
72091,movie,144182,96153,74
72100,movie,144200,96227,74
72103,movie,144206,96301,81
72105,movie,144210,96382,67
72113,movie,144226,96449,65
72116,movie,144232,96514,67
72152,movie,144304,96581,78
72153,movie,144306,96659,78
72163,movie,144326,96737,80
72190,movie,144380,96817,73
72197,movie,144394,96890,80
72207,movie,144414,96970,76
72213,movie,144426,97046,70
72240,movie,144480,97116,63
72241,movie,144482,97179,75
72244,movie,144488,97254,77
72277,movie,144554,97331,71
72305,tvshow,144611,97402,58
72309,movie,144618,97460,80
72331,movie,144662,97540,74
72334,movie,144668,97614,76
72339,movie,144678,97690,55
72340,tvshow,144681,97745,74
72349,movie,144698,97819,80
72354,movie,144708,97899,75
72356,movie,144712,97974,71
72358,movie,144716,98045,59
72359,movie,144718,98104,52
72387,movie,144774,98156,78
72431,movie,144862,98234,80
72432,movie,144864,98314,59
72447,movie,144894,98373,81
72449,movie,144898,98454,59
72477,movie,144954,98513,61
72478,movie,144956,98574,71
72479,movie,144958,98645,79
72490,movie,144980,98724,77
72508,movie,145016,98801,80
72517,tvshow,145035,98881,65
72525,movie,145050,98946,61
72544,movie,145088,99007,81
72545,movie,145090,99088,75
72548,tvshow,145097,99163,71
72551,movie,145102,99234,75
72559,movie,145118,99309,80
72570,movie,145140,99389,79
72571,movie,145142,99468,81
72574,movie,145148,99549,79
72597,tvshow,145195,99628,45
72602,movie,145204,99673,75
72613,tvshow,145227,99748,58
72615,tvshow,145231,99806,63
72623,tvshow,145247,99869,60
72636,tvshow,145273,99929,57
72638,movie,145276,99986,80
72644,tvshow,145289,100066,74
72648,movie,145296,100140,81
72653,movie,145306,100221,70
72693,movie,145386,100291,72
72710,movie,145420,100363,60
72710,tvshow,145421,100423,76
72711,movie,145422,100499,76
72756,movie,145512,100575,78
72782,movie,145564,100653,72
72784,movie,145568,100725,74
72787,tvshow,145575,100799,74
72792,tvshow,145585,100873,45
72844,tvshow,145689,100918,79
72847,movie,145694,100997,80
72851,tvshow,145703,101077,73
72856,movie,145712,101150,75
72881,movie,145762,101225,72
72882,movie,145764,101297,78
72890,movie,145780,101375,64
72899,movie,145798,101439,79
72901,movie,145802,101518,77
72912,movie,145824,101595,79
72914,movie,145828,101674,79
72925,tvshow,145851,101753,59
72976,movie,145952,101812,75
72987,movie,145974,101887,69
72996,movie,145992,101956,79
72997,movie,145994,102035,79
73000,tvshow,146001,102114,58
73065,movie,146130,102172,75
73099,tvshow,146199,102247,79
73125,movie,146250,102326,79
73175,tvshow,146351,102405,71
73194,movie,146388,102476,77
73203,movie,146406,102553,81
73208,movie,146416,102634,79
73211,movie,146422,102713,71
73218,movie,146436,102784,81
73237,movie,146474,102865,77
73247,movie,146494,102942,72
73262,movie,146524,103014,73
73290,movie,146580,103087,81
73315,tvshow,146631,103168,58
73348,movie,146696,103226,75
73353,movie,146706,103301,63
73358,movie,146716,103364,65
73411,tvshow,146823,103429,57
73420,movie,146840,103486,76
73454,movie,146908,103562,75
73467,tvshow,146935,103637,77
73492,movie,146984,103714,74
73499,movie,146998,103788,66
73532,movie,147064,103854,73
73536,tvshow,147073,103927,72
73550,tvshow,147101,103999,61
73554,movie,147108,104060,81
73565,movie,147130,104141,77
73567,movie,147134,104218,66
73575,movie,147150,104284,76
73581,tvshow,147163,104360,73
73582,movie,147164,104433,81
73587,movie,147174,104514,80
73588,movie,147176,104594,81
73604,movie,147208,104675,68
73607,tvshow,147215,104743,51
73613,tvshow,147227,104794,59
73653,movie,147306,104853,79
73661,movie,147322,104932,80
73686,movie,147372,105012,78
73723,movie,147446,105090,80
73737,movie,147474,105170,77
73818,movie,147636,105247,76
73832,movie,147664,105323,80
73873,movie,147746,105403,78
73907,movie,147814,105481,81
73920,movie,147840,105562,77
73933,movie,147866,105639,80
73935,movie,147870,105719,71
73936,movie,147872,105790,80
73937,movie,147874,105870,70
73939,movie,147878,105940,69
73944,tvshow,147889,106009,63
73946,tvshow,147893,106072,71
73952,movie,147904,106143,80
73963,movie,147926,106223,81
73973,movie,147946,106304,66
73984,movie,147968,106370,77
74012,movie,148024,106447,80
74019,movie,148038,106527,67
74071,movie,148142,106594,76
74074,movie,148148,106670,81
74074,tvshow,148149,106751,74
74101,movie,148202,106825,81
74122,movie,148244,106906,80
74140,tvshow,148281,106986,61
74170,tvshow,148341,107047,77
74215,movie,148430,107124,80
74225,movie,148450,107204,81
74253,tvshow,148507,107285,71
74306,movie,148612,107356,70
74308,movie,148616,107426,76
74308,tvshow,148617,107502,65
74333,movie,148666,107567,80
74336,movie,148672,107647,76
74381,movie,148762,107723,81
74387,movie,148774,107804,73
74422,movie,148844,107877,81
74430,tvshow,148861,107958,64
74437,movie,148874,108022,80
74447,tvshow,148895,108102,59
74458,movie,148916,108161,80
74461,movie,148922,108241,71
74465,movie,148930,108312,71
74471,movie,148942,108383,75
74505,movie,149010,108458,81
74513,movie,149026,108539,76
74523,movie,149046,108615,77
74525,movie,149050,108692,81
74534,movie,149068,108773,75
74536,movie,149072,108848,58
74544,movie,149088,108906,81
74549,movie,149098,108987,74
74555,movie,149110,109061,81
74585,movie,149170,109142,81
74629,movie,149258,109223,71
74630,tvshow,149261,109294,66
74643,movie,149286,109360,81
74646,movie,149292,109441,80
74682,tvshow,149365,109521,74
74689,movie,149378,109595,77
74692,movie,149384,109672,60
74719,movie,149438,109732,80
74725,movie,149450,109812,76
74726,movie,149452,109888,74
74747,movie,149494,109962,80
74753,movie,149506,110042,78
74764,tvshow,149529,110120,70
74777,movie,149554,110190,79
74779,movie,149558,110269,76
74821,tvshow,149643,110345,49
74829,tvshow,149659,110394,79
74831,movie,149662,110473,80
74836,movie,149672,110553,75
74837,movie,149674,110628,79
74879,movie,149758,110707,54
74899,movie,149798,110761,79
74906,tvshow,149813,110840,81
74915,movie,149830,110921,81
74924,movie,149848,111002,74
74997,movie,149994,111076,81
74998,movie,149996,111157,77
75074,movie,150148,111234,73
75076,movie,150152,111307,73
75123,tvshow,150247,111380,64
75151,movie,150302,111444,80
75152,movie,150304,111524,73
75157,movie,150314,111597,80
75160,movie,150320,111677,66
75170,movie,150340,111743,77
75174,movie,150348,111820,77
75200,tvshow,150401,111897,75
75204,movie,150408,111972,77
75208,tvshow,150417,112049,65
75214,tvshow,150429,112114,73
75233,movie,150466,112187,75
75301,movie,150602,112262,79
75311,movie,150622,112341,76
75317,movie,150634,112417,81
75318,movie,150636,112498,77
75329,movie,150658,112575,56
75345,movie,150690,112631,69
75363,movie,150726,112700,81
75386,movie,150772,112781,44
75506,movie,151012,112825,74
75510,movie,151020,112899,78
75531,movie,151062,112977,62
75540,tvshow,151081,113039,50
75552,movie,151104,113089,75
75555,movie,151110,113164,81
75564,movie,151128,113245,78
75577,tvshow,151155,113323,81
75612,movie,151224,113404,70
75622,movie,151244,113474,60
75623,movie,151246,113534,73
75629,movie,151258,113607,74
75634,movie,151268,113681,76
75637,movie,151274,113757,77
75638,movie,151276,113834,73
75641,movie,151282,113907,78
75656,movie,151312,113985,67
75658,tvshow,151317,114052,76
75674,movie,151348,114128,68
75735,movie,151470,114196,76
75736,movie,151472,114272,76
75745,movie,151490,114348,79
75759,movie,151518,114427,76
75761,movie,151522,114503,73
75770,movie,151540,114576,71
75780,movie,151560,114647,77
75796,movie,151592,114724,74
75797,movie,151594,114798,81
75799,movie,151598,114879,80
75802,movie,151604,114959,64
75804,movie,151608,115023,80
75820,tvshow,151641,115103,69
75821,movie,151642,115172,80
75888,movie,151776,115252,80
75889,movie,151778,115332,74
75896,tvshow,151793,115406,64
75900,movie,151800,115470,80
75903,movie,151806,115550,81
75938,movie,151876,115631,79
75948,movie,151896,115710,70
76000,movie,152000,115780,76
76025,movie,152050,115856,74
76036,movie,152072,115930,79
76063,tvshow,152127,116009,68
76072,movie,152144,116077,70
76076,movie,152152,116147,81
76101,movie,152202,116228,81
76115,movie,152230,116309,80
76117,movie,152234,116389,72
76121,movie,152242,116461,78
76121,tvshow,152243,116539,62
76163,movie,152326,116601,80
76170,movie,152340,116681,77
76171,movie,152342,116758,79
76177,tvshow,152355,116837,70
76203,movie,152406,116907,77
76211,movie,152422,116984,47
76229,movie,152458,117031,76
76285,movie,152570,117107,70
76318,tvshow,152637,117177,79
76330,movie,152660,117256,79
76338,movie,152676,117335,81
76341,movie,152682,117416,81
76344,movie,152688,117497,80
76349,movie,152698,117577,78
76372,movie,152744,117655,77
76395,movie,152790,117732,78
76399,movie,152798,117810,77
76403,movie,152806,117887,80
76411,movie,152822,117967,77
76425,movie,152850,118044,73
76450,movie,152900,118117,81
76459,tvshow,152919,118198,57
76462,tvshow,152925,118255,51
76464,movie,152928,118306,81
76465,movie,152930,118387,78
76487,movie,152974,118465,79
76489,movie,152978,118544,69
76492,movie,152984,118613,80
76493,movie,152986,118693,66
76494,movie,152988,118759,68
76499,movie,152998,118827,74
76516,movie,153032,118901,44
76543,movie,153086,118945,79
76544,movie,153088,119024,76
76558,tvshow,153117,119100,78
76568,movie,153136,119178,80
76582,tvshow,153165,119258,46
76589,movie,153178,119304,73
76600,movie,153200,119377,74
76604,tvshow,153209,119451,50
76617,movie,153234,119501,81
76640,movie,153280,119582,80
76649,movie,153298,119662,73
76654,movie,153308,119735,79
76656,movie,153312,119814,81
76657,movie,153314,119895,62
76659,tvshow,153319,119957,68
76662,tvshow,153325,120025,79
76666,movie,153332,120104,77
76690,tvshow,153381,120181,80
76692,tvshow,153385,120261,55
76696,movie,153392,120316,78
76714,movie,153428,120394,77
76726,movie,153452,120471,64
76757,movie,153514,120535,72
76758,movie,153516,120607,78
76765,movie,153530,120685,79
76785,movie,153570,120764,72
76788,movie,153576,120836,81
76796,tvshow,153593,120917,39
76804,movie,153608,120956,81
76812,movie,153624,121037,77
76819,tvshow,153639,121114,76
76842,movie,153684,121190,75
76887,tvshow,153775,121265,57
76929,movie,153858,121322,80
76976,movie,153952,121402,78
77010,movie,154020,121480,81
77016,movie,154032,121561,67
77029,movie,154058,121628,80
77067,movie,154134,121708,74
77076,movie,154152,121782,79
77078,movie,154156,121861,78
77123,movie,154246,121939,74
77128,movie,154256,122013,75
77156,movie,154312,122088,81
77165,movie,154330,122169,80
77166,movie,154332,122249,71
77173,movie,154346,122320,81
77174,movie,154348,122401,76
77210,movie,154420,122477,77
77221,movie,154442,122554,74
77223,movie,154446,122628,80
77234,movie,154468,122708,71
77245,movie,154490,122779,80
77250,movie,154500,122859,78
77283,movie,154566,122937,76
77332,movie,154664,123013,76
77338,movie,154676,123089,64
77361,movie,154722,123153,81
77365,movie,154730,123234,77
77393,tvshow,154787,123311,78
77399,movie,154798,123389,81
77403,movie,154806,123470,79
77434,movie,154868,123549,64
77444,movie,154888,123613,78
77448,movie,154896,123691,81
77459,movie,154918,123772,80
77461,movie,154922,123852,71
77469,movie,154938,123923,72
77495,movie,154990,123995,78
77517,movie,155034,124073,58
77546,movie,155092,124131,80
77553,movie,155106,124211,71
77560,movie,155120,124282,81
77561,movie,155122,124363,66
77571,movie,155142,124429,80
77601,tvshow,155203,124509,77
77621,movie,155242,124586,78
77632,movie,155264,124664,81
77635,movie,155270,124745,67
77649,movie,155298,124812,78
77663,movie,155326,124890,79
77669,movie,155338,124969,76
77744,movie,155488,125045,77
77765,movie,155530,125122,75
77771,movie,155542,125197,80
77785,movie,155570,125277,81
77801,movie,155602,125358,77
77805,movie,155610,125435,76
77812,movie,155624,125511,81
77814,movie,155628,125592,78
77822,movie,155644,125670,74
77864,movie,155728,125744,68
77866,movie,155732,125812,68
77875,movie,155750,125880,77
77877,movie,155754,125957,74
77878,movie,155756,126031,74
77883,movie,155766,126105,80
77889,movie,155778,126185,81
77915,movie,155830,126266,79
77930,movie,155860,126345,73
77931,movie,155862,126418,77
77937,movie,155874,126495,73
77948,movie,155896,126568,77
77949,movie,155898,126645,81
77950,movie,155900,126726,79
77951,movie,155902,126805,80
77953,movie,155906,126885,69
77961,tvshow,155923,126954,61
77966,movie,155932,127015,76
77987,movie,155974,127091,74
77994,tvshow,155989,127165,46
78049,movie,156098,127211,78
78051,movie,156102,127289,74
78068,movie,156136,127363,81
78075,movie,156150,127444,78
78078,movie,156156,127522,76
78093,movie,156186,127598,79
78098,movie,156196,127677,81
78102,tvshow,156205,127758,58
78119,tvshow,156239,127816,52
78133,movie,156266,127868,71
78146,movie,156292,127939,75
78147,tvshow,156295,128014,71
78149,movie,156298,128085,63
78151,movie,156302,128148,75
78182,movie,156364,128223,72
78215,movie,156430,128295,80
78229,movie,156458,128375,79
78239,movie,156478,128454,75
78250,movie,156500,128529,81
78253,movie,156506,128610,80
78256,movie,156512,128690,79
78265,movie,156530,128769,80
78294,movie,156588,128849,81
78309,tvshow,156619,128930,72
78318,movie,156636,129002,73
78325,movie,156650,129075,81
78331,movie,156662,129156,73
78362,movie,156724,129229,80
78370,movie,156740,129309,69
78373,movie,156746,129378,65
78381,movie,156762,129443,71
78383,movie,156766,129514,80
78385,tvshow,156771,129594,76
78402,movie,156804,129670,81
78414,tvshow,156829,129751,39
78450,movie,156900,129790,74
78461,movie,156922,129864,75
78480,movie,156960,129939,77
78507,movie,157014,130016,73
78516,movie,157032,130089,78
78528,movie,157056,130167,61
78546,movie,157092,130228,80
78552,movie,157104,130308,79
78561,movie,157122,130387,80
78570,movie,157140,130467,57
78571,movie,157142,130524,80
78574,tvshow,157149,130604,80
78642,movie,157284,130684,79
78698,movie,157396,130763,74
78701,movie,157402,130837,80
78734,movie,157468,130917,71
78796,tvshow,157593,130988,72
78869,tvshow,157739,131060,78
78881,tvshow,157763,131138,54
78969,tvshow,157939,131192,68
78998,movie,157996,131260,80
79042,movie,158084,131340,78
79043,movie,158086,131418,73
79070,movie,158140,131491,77
79108,movie,158216,131568,57
79113,movie,158226,131625,80
79120,movie,158240,131705,74
79126,tvshow,158253,131779,67
79180,movie,158360,131846,78
79181,movie,158362,131924,80
79194,movie,158388,132004,80
79224,movie,158448,132084,78
79299,tvshow,158599,132162,68
79316,movie,158632,132230,81
79319,movie,158638,132311,79
79363,movie,158726,132390,81
79382,movie,158764,132471,72
79401,movie,158802,132543,80
79434,tvshow,158869,132623,77
79464,movie,158928,132700,80
79509,movie,159018,132780,76
79521,movie,159042,132856,81
79525,tvshow,159051,132937,71
79544,movie,159088,133008,78
79548,movie,159096,133086,72
79576,movie,159152,133158,81
79628,movie,159256,133239,77
79649,movie,159298,133316,80
79660,movie,159320,133396,77
79694,movie,159388,133473,81
79697,movie,159394,133554,52
79707,movie,159414,133606,72
79720,movie,159440,133678,74
79735,movie,159470,133752,80
79761,movie,159522,133832,75
79771,movie,159542,133907,78
79775,movie,159550,133985,79
79777,movie,159554,134064,81
79788,tvshow,159577,134145,46
79817,movie,159634,134191,76
79818,tvshow,159637,134267,74
79827,movie,159654,134341,74
79863,movie,159726,134415,79
79866,movie,159732,134494,76
79896,movie,159792,134570,75
79906,movie,159812,134645,78
79935,movie,159870,134723,78
79940,movie,159880,134801,73
79975,movie,159950,134874,79
79987,movie,159974,134953,72
79990,movie,159980,135025,78
80027,movie,160054,135103,77
80034,movie,160068,135180,65
80035,movie,160070,135245,72
80038,movie,160076,135317,74
80039,tvshow,160079,135391,74
80054,movie,160108,135465,72
80058,tvshow,160117,135537,51
80067,movie,160134,135588,77
80151,movie,160302,135665,81
80156,movie,160312,135746,80
80169,movie,160338,135826,80
80184,movie,160368,135906,78
80188,movie,160376,135984,63
80196,movie,160392,136047,80
80215,movie,160430,136127,80
80219,movie,160438,136207,75
80243,movie,160486,136282,80
80255,movie,160510,136362,80
80264,movie,160528,136442,72
80271,movie,160542,136514,58
80274,movie,160548,136572,66
80276,movie,160552,136638,80
80278,movie,160556,136718,78
80280,movie,160560,136796,76
80304,movie,160608,136872,75
80307,tvshow,160615,136947,47
80318,movie,160636,136994,74
80321,movie,160642,137068,80
80339,movie,160678,137148,75
80364,movie,160728,137223,76
80368,movie,160736,137299,79
80389,movie,160778,137378,73
80410,movie,160820,137451,66
80443,tvshow,160887,137517,70
80468,movie,160936,137587,70
80484,movie,160968,137657,79
80517,movie,161034,137736,80
80556,movie,161112,137816,80
80560,movie,161120,137896,78
80564,tvshow,161129,137974,64
80572,movie,161144,138038,75
80583,movie,161166,138113,71
80585,movie,161170,138184,78
80591,movie,161182,138262,73
80596,movie,161192,138335,73
80616,movie,161232,138408,77
80639,movie,161278,138485,75
80662,movie,161324,138560,78
80705,movie,161410,138638,80
80707,tvshow,161415,138718,77
80708,movie,161416,138795,78
80713,movie,161426,138873,79
80720,movie,161440,138952,79
80737,tvshow,161475,139031,69
80741,tvshow,161483,139100,75
80760,movie,161520,139175,80
80767,movie,161534,139255,80
80806,movie,161612,139335,80
80844,movie,161688,139415,78
80890,movie,161780,139493,79
80919,movie,161838,139572,75
80919,tvshow,161839,139647,75
80920,movie,161840,139722,77
81001,movie,162002,139799,75
81002,tvshow,162005,139874,67
81005,movie,162010,139941,69
81009,movie,162018,140010,80
81025,movie,162050,140090,74
81048,movie,162096,140164,81
81049,tvshow,162099,140245,43
81110,movie,162220,140288,80
81111,movie,162222,140368,77
81131,tvshow,162263,140445,80
81185,movie,162370,140525,80
81188,movie,162376,140605,77
81189,movie,162378,140682,77
81222,tvshow,162445,140759,58
81224,tvshow,162449,140817,74
81239,tvshow,162479,140891,61
81250,movie,162500,140952,64
81273,movie,162546,141016,78
81342,movie,162684,141094,77
81349,tvshow,162699,141171,52
81355,tvshow,162711,141223,69
81390,movie,162780,141292,78
81393,movie,162786,141370,79
81396,movie,162792,141449,77
81401,movie,162802,141526,79
81434,movie,162868,141605,65
81446,movie,162892,141670,75
81470,movie,162940,141745,78
81471,movie,162942,141823,81
81477,movie,162954,141904,81
81478,movie,162956,141985,81
81481,movie,162962,142066,76
81496,tvshow,162993,142142,69
81522,movie,163044,142211,75
81534,movie,163068,142286,61
81540,movie,163080,142347,58
81694,movie,163388,142405,68
81748,movie,163496,142473,72
81796,movie,163592,142545,77
81821,tvshow,163643,142622,71
81829,movie,163658,142693,75
81836,movie,163672,142768,76
81841,movie,163682,142844,80
81847,movie,163694,142924,79
81857,movie,163714,143003,67
81870,movie,163740,143070,77
81902,tvshow,163805,143147,60
81940,tvshow,163881,143207,51
81972,movie,163944,143258,80
82036,movie,164072,143338,72
82096,movie,164192,143410,79
82101,movie,164202,143489,79
82115,movie,164230,143568,81
82126,movie,164252,143649,80
82169,movie,164338,143729,79
82178,movie,164356,143808,80
82180,movie,164360,143888,81
82203,movie,164406,143969,79
82209,tvshow,164419,144048,58
82237,tvshow,164475,144106,77
82260,movie,164520,144183,76
82283,movie,164566,144259,78
82311,movie,164622,144337,79
82321,movie,164642,144416,80
82362,movie,164724,144496,75
82379,movie,164758,144571,81
82390,movie,164780,144652,60
82394,movie,164788,144712,81
82397,movie,164794,144793,68
82474,movie,164948,144861,81
82485,movie,164970,144942,78
82501,movie,165002,145020,77
82505,movie,165010,145097,78
82507,movie,165014,145175,81
82525,movie,165050,145256,65
82532,movie,165064,145321,66
82533,movie,165066,145387,70
82545,movie,165090,145457,63
82591,tvshow,165183,145520,60
82620,movie,165240,145580,71
82625,movie,165250,145651,75
82631,movie,165262,145726,77
82633,movie,165266,145803,62
82650,movie,165300,145865,49
82654,movie,165308,145914,71
82655,movie,165310,145985,78
82657,movie,165314,146063,80
82675,movie,165350,146143,77
82679,movie,165358,146220,65
82681,tvshow,165363,146285,64
82682,movie,165364,146349,75
82684,movie,165368,146424,76
82687,movie,165374,146500,62
82690,movie,165380,146562,78
82693,movie,165386,146640,72
82695,movie,165390,146712,79
82696,movie,165392,146791,71
82698,movie,165396,146862,79
82700,movie,165400,146941,70
82702,movie,165404,147011,72
82703,movie,165406,147083,72
82737,movie,165474,147155,80
82739,tvshow,165479,147235,60
82743,movie,165486,147295,81
82744,tvshow,165489,147376,75
82825,movie,165650,147451,73
82838,movie,165676,147524,79
82883,tvshow,165767,147603,76
82887,movie,165774,147679,79
82932,movie,165864,147758,80
82944,movie,165888,147838,79
82990,movie,165980,147917,81
82992,movie,165984,147998,81
83007,movie,166014,148079,80
83095,tvshow,166191,148159,51
83096,movie,166192,148210,76
83097,tvshow,166195,148286,71
83099,movie,166198,148357,81
83100,tvshow,166201,148438,60
83103,tvshow,166207,148498,70
83116,movie,166232,148568,74
83121,movie,166242,148642,81
83123,movie,166246,148723,81
83147,movie,166294,148804,79
83155,movie,166310,148883,81
83172,movie,166344,148964,81
83188,movie,166376,149045,81
83206,movie,166412,149126,77
83223,movie,166446,149203,79
83244,tvshow,166489,149282,69
83292,movie,166584,149351,81
83329,movie,166658,149432,81
83354,movie,166708,149513,80
83356,movie,166712,149593,79
83363,movie,166726,149672,80
83382,movie,166764,149752,80
83384,movie,166768,149832,72
83389,movie,166778,149904,74
83404,movie,166808,149978,81
83409,movie,166818,150059,78
83413,movie,166826,150137,81
83473,movie,166946,150218,79
83485,tvshow,166971,150297,47
83519,movie,167038,150344,81
83540,movie,167080,150425,79
83542,movie,167084,150504,65
83552,movie,167104,150569,78
83579,movie,167158,150647,78
83605,tvshow,167211,150725,68
83613,movie,167226,150793,81
83634,tvshow,167269,150874,66
83651,movie,167302,150940,53
83660,movie,167320,150993,76
83666,movie,167332,151069,74
83686,movie,167372,151143,79
83706,movie,167412,151222,81
83717,movie,167434,151303,79
83718,movie,167436,151382,75
83727,movie,167454,151457,80
83761,movie,167522,151537,80
83770,movie,167540,151617,77
83817,movie,167634,151694,81
83820,movie,167640,151775,81
83834,movie,167668,151856,81
83851,tvshow,167703,151937,63
83857,movie,167714,152000,73
83860,movie,167720,152073,73
83866,movie,167732,152146,80
83868,movie,167736,152226,77
83869,movie,167738,152303,60
83870,tvshow,167741,152363,74
83880,movie,167760,152437,81
83880,tvshow,167761,152518,78
83896,movie,167792,152596,80
83899,movie,167798,152676,81
83900,movie,167800,152757,79
83930,movie,167860,152836,68
83932,movie,167864,152904,74
83941,tvshow,167883,152978,79
83980,movie,167960,153057,78
83981,tvshow,167963,153135,65
83989,movie,167978,153200,78
84002,movie,168004,153278,78
84028,movie,168056,153356,78
84050,movie,168100,153434,81
84052,tvshow,168105,153515,60
84058,movie,168116,153575,81
84060,movie,168120,153656,81
84068,movie,168136,153737,81
84084,movie,168168,153818,77
84086,movie,168172,153895,75
84087,movie,168174,153970,77
84090,movie,168180,154047,76
84104,movie,168208,154123,81
84107,movie,168214,154204,81
84111,movie,168222,154285,69
84119,movie,168238,154354,81
84152,movie,168304,154435,80
84165,movie,168330,154515,67
84170,movie,168340,154582,78
84174,movie,168348,154660,73
84175,movie,168350,154733,75
84178,movie,168356,154808,80
84184,movie,168368,154888,71
84185,movie,168370,154959,77
84187,movie,168374,155036,56
84188,movie,168376,155092,72
84190,movie,168380,155164,78
84194,movie,168388,155242,76
84198,movie,168396,155318,78
84199,movie,168398,155396,74
84200,movie,168400,155470,74
84203,movie,168406,155544,68
84204,movie,168408,155612,81
84214,movie,168428,155693,79
84226,movie,168452,155772,69
84228,movie,168456,155841,80
84231,tvshow,168463,155921,54
84233,movie,168466,155975,81
84234,movie,168468,156056,81
84253,movie,168506,156137,81
84274,movie,168548,156218,70
84281,movie,168562,156288,77
84282,tvshow,168565,156365,63
84284,movie,168568,156428,74
84286,movie,168572,156502,78
84287,movie,168574,156580,70
84288,movie,168576,156650,78
84289,movie,168578,156728,79
84290,movie,168580,156807,74
84296,movie,168592,156881,80
84298,movie,168596,156961,76
84299,movie,168598,157037,76
84303,movie,168606,157113,80
84305,movie,168610,157193,76
84306,movie,168612,157269,74
84316,movie,168632,157343,61
84327,movie,168654,157404,70
84327,tvshow,168655,157474,71
84329,movie,168658,157545,71
84330,movie,168660,157616,78
84332,movie,168664,157694,70
84334,movie,168668,157764,80
84336,movie,168672,157844,62
84338,movie,168676,157906,78
84340,movie,168680,157984,65
84341,movie,168682,158049,67
84344,movie,168688,158116,79
84348,movie,168696,158195,80
84351,movie,168702,158275,75
84355,movie,168710,158350,65
84362,movie,168724,158415,81
84364,movie,168728,158496,72
84368,movie,168736,158568,79
84372,movie,168744,158647,81
84375,movie,168750,158728,81
84404,movie,168808,158809,77
84407,movie,168814,158886,78
84419,movie,168838,158964,80
84422,movie,168844,159044,80
84425,movie,168850,159124,79
84427,movie,168854,159203,78
84449,movie,168898,159281,77
84450,movie,168900,159358,69
84473,movie,168946,159427,80
84481,movie,168962,159507,81
84505,movie,169010,159588,75
84506,movie,169012,159663,71
84520,movie,169040,159734,81
84533,movie,169066,159815,80
84553,tvshow,169107,159895,62
84577,movie,169154,159957,81
84626,movie,169252,160038,77
84628,movie,169256,160115,81
84630,movie,169260,160196,80
84633,movie,169266,160276,68
84636,movie,169272,160344,80
84661,tvshow,169323,160424,61
84708,movie,169416,160485,81
84718,movie,169436,160566,74
84719,movie,169438,160640,81
84720,movie,169440,160721,79
84760,movie,169520,160800,79
84784,movie,169568,160879,80
84839,movie,169678,160959,61
84847,movie,169694,161020,77
84858,movie,169716,161097,80
84880,movie,169760,161177,79
84892,movie,169784,161256,61
84896,movie,169792,161317,81
84898,movie,169796,161398,81
84903,movie,169806,161479,75
84907,movie,169814,161554,77
84922,movie,169844,161631,81
84942,movie,169884,161712,81
84958,tvshow,169917,161793,76
84971,movie,169942,161869,44
84986,movie,169972,161913,80
84993,movie,169986,161993,81
84995,movie,169990,162074,80
84999,movie,169998,162154,81
85002,movie,170004,162235,81
85006,movie,170012,162316,81
85024,movie,170048,162397,78
85033,movie,170066,162475,80
85047,movie,170094,162555,79
85050,movie,170100,162634,78
85052,movie,170104,162712,79
85052,tvshow,170105,162791,45
85053,movie,170106,162836,78
85126,movie,170252,162914,75
85141,movie,170282,162989,80
85157,movie,170314,163069,81
85160,movie,170320,163150,81
85165,movie,170330,163231,80
85169,movie,170338,163311,80
85170,movie,170340,163391,81
85181,movie,170362,163472,80
85188,movie,170376,163552,79
85189,movie,170378,163631,80
85191,movie,170382,163711,81
85195,movie,170390,163792,81
85196,movie,170392,163873,81
85198,movie,170396,163954,81
85199,movie,170398,164035,81
85202,movie,170404,164116,81
85207,movie,170414,164197,75
85220,tvshow,170441,164272,75
85224,movie,170448,164347,76
85226,movie,170452,164423,80
85230,movie,170460,164503,80
85236,movie,170472,164583,77
85237,movie,170474,164660,81
85246,movie,170492,164741,77
85271,tvshow,170543,164818,72
85276,tvshow,170553,164890,73
85293,movie,170586,164963,77
85350,movie,170700,165040,71
85367,movie,170734,165111,67
85389,tvshow,170779,165178,77
85404,tvshow,170809,165255,77
85405,movie,170810,165332,79
85411,movie,170822,165411,72
85414,movie,170828,165483,72
85431,movie,170862,165555,78
85435,movie,170870,165633,73
85446,movie,170892,165706,78
85483,movie,170966,165784,81
85496,movie,170992,165865,79
85498,movie,170996,165944,79
85504,movie,171008,166023,79
85505,movie,171010,166102,78
85507,movie,171014,166180,79
85510,movie,171020,166259,78
85512,movie,171024,166337,80
85514,movie,171028,166417,77
85542,movie,171084,166494,81
85545,movie,171090,166575,68
85564,movie,171128,166643,81
85574,movie,171148,166724,80
85609,movie,171218,166804,79
85620,movie,171240,166883,78
85638,movie,171276,166961,81
85640,movie,171280,167042,68
85670,movie,171340,167110,81
85677,movie,171354,167191,79
85681,movie,171362,167270,81
85685,movie,171370,167351,77
85695,movie,171390,167428,81
85708,movie,171416,167509,75
85763,movie,171526,167584,79
85765,movie,171530,167663,80
85783,movie,171566,167743,81
85833,tvshow,171667,167824,77
85836,movie,171672,167901,74
85854,movie,171708,167975,76
85854,tvshow,171709,168051,53
85862,tvshow,171725,168104,50
85866,movie,171732,168154,70
85873,movie,171746,168224,81
85876,movie,171752,168305,79
85889,movie,171778,168384,61
85916,movie,171832,168445,79
85926,movie,171852,168524,79
85937,tvshow,171875,168603,55
85942,movie,171884,168658,75
85949,movie,171898,168733,69
85985,movie,171970,168802,75
86000,movie,172000,168877,78
86004,movie,172008,168955,74
86059,movie,172118,169029,69
86068,movie,172136,169098,81
86087,movie,172174,169179,74
86097,movie,172194,169253,76
86101,movie,172202,169329,81
86163,tvshow,172327,169410,55
86168,movie,172336,169465,79
86182,movie,172364,169544,80
86191,movie,172382,169624,81
86193,movie,172386,169705,81
86194,movie,172388,169786,72
86196,movie,172392,169858,74
86215,movie,172430,169932,74
86232,movie,172464,170006,77
86239,movie,172478,170083,81
86240,movie,172480,170164,79
86242,movie,172484,170243,76
86251,movie,172502,170319,81
86252,movie,172504,170400,79
86254,movie,172508,170479,80
86271,movie,172542,170559,81
86304,movie,172608,170640,64
86305,movie,172610,170704,74
86311,tvshow,172623,170778,71
86320,movie,172640,170849,80
86326,movie,172652,170929,81
86330,movie,172660,171010,78
86332,movie,172664,171088,80
86340,tvshow,172681,171168,55
86343,movie,172686,171223,78
86343,tvshow,172687,171301,56
86360,movie,172720,171357,81
86382,tvshow,172765,171438,59
86430,tvshow,172861,171497,56
86449,tvshow,172899,171553,63
86457,movie,172914,171616,75
86467,movie,172934,171691,78
86477,movie,172954,171769,80
86494,movie,172988,171849,79
86499,movie,172998,171928,79
86555,movie,173110,172007,80
86558,tvshow,173117,172087,80
86571,movie,173142,172167,80
86593,movie,173186,172247,65
86597,movie,173194,172312,78
86598,tvshow,173197,172390,75
86600,movie,173200,172465,73
86608,movie,173216,172538,74
86616,movie,173232,172612,75
86621,tvshow,173243,172687,51
86633,movie,173266,172738,81
86640,movie,173280,172819,81
86643,movie,173286,172900,79
86644,movie,173288,172979,80
86667,movie,173334,173059,78
86680,movie,173360,173137,80
86685,movie,173370,173217,81
86703,movie,173406,173298,81
86718,movie,173436,173379,80
86733,tvshow,173467,173459,70
86743,movie,173486,173529,80
86748,movie,173496,173609,79
86759,movie,173518,173688,80
86772,movie,173544,173768,78
86778,movie,173556,173846,79
86782,movie,173564,173925,69
86812,movie,173624,173994,64
86814,movie,173628,174058,81
86816,movie,173632,174139,80
86820,movie,173640,174219,71
86822,movie,173644,174290,79
86824,tvshow,173649,174369,69
86825,movie,173650,174438,72
86828,movie,173656,174510,57
86829,movie,173658,174567,80
86834,movie,173668,174647,71
86835,movie,173670,174718,79
86837,movie,173674,174797,79
86838,movie,173676,174876,71
86850,tvshow,173701,174947,74
86889,movie,173778,175021,78
86938,movie,173876,175099,74
86939,movie,173878,175173,76
86941,tvshow,173883,175249,60
86951,tvshow,173903,175309,80
86962,movie,173924,175389,80
86973,movie,173946,175469,80
86979,movie,173958,175549,79
87050,tvshow,174101,175628,56
87077,movie,174154,175684,80
87078,movie,174156,175764,76
87093,movie,174186,175840,77
87101,movie,174202,175917,80
87104,tvshow,174209,175997,50
87107,movie,174214,176047,76
87108,tvshow,174217,176123,71
87115,movie,174230,176194,80
87148,movie,174296,176274,81
87151,movie,174302,176355,68
87178,movie,174356,176423,78
87321,movie,174642,176501,79
87349,movie,174698,176580,78
87358,movie,174716,176658,80
87421,movie,174842,176738,77
87428,movie,174856,176815,71
87436,movie,174872,176886,80
87440,movie,174880,176966,69
87464,movie,174928,177035,78
87492,movie,174984,177113,68
87495,movie,174990,177181,81
87496,movie,174992,177262,67
87499,movie,174998,177329,59
87502,movie,175004,177388,74
87504,movie,175008,177462,71
87514,movie,175028,177533,79
87516,movie,175032,177612,71
87518,tvshow,175037,177683,76
87523,tvshow,175047,177759,67
87527,tvshow,175055,177826,79
87531,movie,175062,177905,75
87553,tvshow,175107,177980,79
87567,movie,175134,178059,66
87600,tvshow,175201,178125,74
87706,movie,175412,178199,80
87710,movie,175420,178279,81
87729,movie,175458,178360,67
87731,tvshow,175463,178427,51
87739,tvshow,175479,178478,66
87784,tvshow,175569,178544,63
87799,movie,175598,178607,80
87818,movie,175636,178687,68
87825,movie,175650,178755,77
87826,movie,175652,178832,71
87827,movie,175654,178903,75
87852,movie,175704,178978,77
87867,movie,175734,179055,80
87874,movie,175748,179135,79
87884,movie,175768,179214,69
87895,movie,175790,179283,80
87897,movie,175794,179363,79
87901,movie,175802,179442,38
87905,movie,175810,179480,78
87911,movie,175822,179558,81
87932,tvshow,175865,179639,71
87967,movie,175934,179710,76
88005,movie,176010,179786,71
88036,movie,176072,179857,77
88042,movie,176084,179934,61
88065,movie,176130,179995,77
88075,movie,176150,180072,81
88129,tvshow,176259,180153,60
88166,tvshow,176333,180213,74
88177,tvshow,176355,180287,73
88192,movie,176384,180360,74
88273,movie,176546,180434,68
88284,movie,176568,180502,71
88288,movie,176576,180573,73
88328,tvshow,176657,180646,60
88329,tvshow,176659,180706,73
88356,movie,176712,180779,70
88366,tvshow,176733,180849,46
88377,movie,176754,180895,77
88379,movie,176758,180972,77
88396,tvshow,176793,181049,72
88408,tvshow,176817,181121,78
88410,movie,176820,181199,81
88421,movie,176842,181280,72
88431,movie,176862,181352,77
88463,tvshow,176927,181429,58
88516,tvshow,177033,181487,55
88537,movie,177074,181542,81
88558,movie,177116,181623,81
88584,tvshow,177169,181704,63
88589,tvshow,177179,181767,47
88640,tvshow,177281,181814,57
88713,tvshow,177427,181871,54
88751,movie,177502,181925,78
88794,movie,177588,182003,72
88803,tvshow,177607,182075,67
88812,movie,177624,182142,80
88875,movie,177750,182222,70
88878,tvshow,177757,182292,78
88905,movie,177810,182370,80
88912,movie,177824,182450,79
88920,movie,177840,182529,77
88950,movie,177900,182606,77
88974,tvshow,177949,182683,74
88989,tvshow,177979,182757,49
89008,movie,178016,182806,63
89059,movie,178118,182869,79
89132,movie,178264,182948,79
89143,movie,178286,183027,79
89154,movie,178308,183106,81
89160,movie,178320,183187,69
89199,movie,178398,183256,68
89319,movie,178638,183324,80
89325,movie,178650,183404,76
89326,movie,178652,183480,74
89345,movie,178690,183554,79
89351,movie,178702,183633,77
89376,movie,178752,183710,81
89446,tvshow,178893,183791,77
89455,movie,178910,183868,78
89456,tvshow,178913,183946,69
89484,movie,178968,184015,77
89492,movie,178984,184092,57
89540,movie,179080,184149,73
89545,tvshow,179091,184222,70
89581,movie,179162,184292,72
89584,movie,179168,184364,68
89604,tvshow,179209,184432,76
89609,movie,179218,184508,78
89653,movie,179306,184586,78
89659,movie,179318,184664,81
89661,tvshow,179323,184745,57
89689,tvshow,179379,184802,56
89691,movie,179382,184858,80
89693,movie,179386,184938,81
89704,movie,179408,185019,79
89708,movie,179416,185098,77
89720,movie,179440,185175,80
89723,movie,179446,185255,78
89762,movie,179524,185333,81
89888,movie,179776,185414,77
89905,tvshow,179811,185491,68
89924,movie,179848,185559,75
89959,tvshow,179919,185634,78
89995,movie,179990,185712,78
90030,movie,180060,185790,81
90041,movie,180082,185871,71
90092,movie,180184,185942,80
90093,movie,180186,186022,80
90125,movie,180250,186102,80
90257,tvshow,180515,186182,67
90259,tvshow,180519,186249,66
90265,tvshow,180531,186315,34
90312,tvshow,180625,186349,76
90369,movie,180738,186425,75
90395,movie,180790,186500,80
90406,movie,180812,186580,80
90447,tvshow,180895,186660,75
90560,movie,181120,186735,81
90563,movie,181126,186816,80
90616,movie,181232,186896,79
90623,tvshow,181247,186975,74
90665,tvshow,181331,187049,54
90695,movie,181390,187103,72
90705,tvshow,181411,187175,74
90720,movie,181440,187249,81
90720,tvshow,181441,187330,61
90721,tvshow,181443,187391,67
90755,tvshow,181511,187458,44
90761,tvshow,181523,187502,64
90795,tvshow,181591,187566,77
90807,movie,181614,187643,78
90814,tvshow,181629,187721,68
90816,movie,181632,187789,77
90831,movie,181662,187866,77
90944,movie,181888,187943,81
90957,movie,181914,188024,71
90967,movie,181934,188095,78
90968,movie,181936,188173,72
90972,tvshow,181945,188245,49
90974,movie,181948,188294,77
90978,movie,181956,188371,72
91010,movie,182020,188443,72
91016,tvshow,182033,188515,72
91066,movie,182132,188587,80
91076,movie,182152,188667,72
91181,movie,182362,188739,80
91186,movie,182372,188819,76
91208,movie,182416,188895,80
91245,movie,182490,188975,79
91255,movie,182510,189054,79
91256,movie,182512,189133,79
91265,movie,182530,189212,78
91275,tvshow,182551,189290,52
91290,tvshow,182581,189342,79
91314,movie,182628,189421,80
91356,movie,182712,189501,78
91445,tvshow,182891,189579,65
91470,tvshow,182941,189644,66
91487,movie,182974,189710,78
91505,tvshow,183011,189788,78
91514,tvshow,183029,189866,72
91549,movie,183098,189938,74
91550,movie,183100,190012,69
91586,movie,183172,190081,81
91627,movie,183254,190162,78
91679,movie,183358,190240,70
91683,movie,183366,190310,79
91699,tvshow,183399,190389,44
91715,movie,183430,190433,77
91721,movie,183442,190510,73
91724,tvshow,183449,190583,81
91725,tvshow,183451,190664,64
91727,movie,183454,190728,74
91733,movie,183466,190802,81
91736,movie,183472,190883,81
91739,movie,183478,190964,77
91745,movie,183490,191041,81
91752,tvshow,183505,191122,72
91817,movie,183634,191194,81
91902,movie,183804,191275,77
91923,movie,183846,191352,80
91997,tvshow,183995,191432,62
92000,movie,184000,191494,71
92137,tvshow,184275,191565,57
92182,movie,184364,191622,81
92233,movie,184466,191703,80
92283,movie,184566,191783,79
92298,movie,184596,191862,79
92312,movie,184624,191941,80
92321,movie,184642,192021,72
92341,movie,184682,192093,78
92352,movie,184704,192171,79
92393,movie,184786,192250,80
92395,movie,184790,192330,81
92397,movie,184794,192411,81
92458,movie,184916,192492,72
92591,movie,185182,192564,46
92591,tvshow,185183,192610,73
92592,tvshow,185185,192683,59
92667,movie,185334,192742,75
92698,movie,185396,192817,81
92732,tvshow,185465,192898,74
92749,tvshow,185499,192972,70
92751,movie,185502,193042,81
92782,movie,185564,193123,80
92782,tvshow,185565,193203,61
92783,tvshow,185567,193264,71
92796,movie,185592,193335,73
92809,movie,185618,193408,65
92830,tvshow,185661,193473,74
92891,tvshow,185783,193547,60
92911,tvshow,185823,193607,73
92983,tvshow,185967,193680,74
93016,tvshow,186033,193754,81
93077,movie,186154,193835,77
93087,movie,186174,193912,80
93097,tvshow,186195,193992,72
93166,tvshow,186333,194064,49
93168,tvshow,186337,194113,41
93184,movie,186368,194154,80
93193,movie,186386,194234,47
93241,tvshow,186483,194281,76
93313,movie,186626,194357,79
93350,movie,186700,194436,76
93394,movie,186788,194512,81
93405,tvshow,186811,194593,65
93427,movie,186854,194658,81
93454,tvshow,186909,194739,62
93456,movie,186912,194801,79
93463,tvshow,186927,194880,62
93490,tvshow,186981,194942,71
93510,movie,187020,195013,79
93511,movie,187022,195092,74
93519,movie,187038,195166,79
93528,movie,187056,195245,77
93560,movie,187120,195322,74
93630,movie,187260,195396,81
93657,tvshow,187315,195477,75
93669,movie,187338,195552,81
93705,tvshow,187411,195633,71
93736,tvshow,187473,195704,70
93737,tvshow,187475,195774,54
93742,tvshow,187485,195828,64
93775,movie,187550,195892,78
93781,tvshow,187563,195970,75
93816,tvshow,187633,196045,62
93828,movie,187656,196107,74
93837,movie,187674,196181,67
93846,tvshow,187693,196248,68
93856,movie,187712,196316,81
93858,movie,187716,196397,81
93890,movie,187780,196478,80
93929,movie,187858,196558,79
93934,movie,187868,196637,77
93939,movie,187878,196714,80
94028,tvshow,188057,196794,67
94047,movie,188094,196861,80
94069,movie,188138,196941,80
94092,movie,188184,197021,76
94123,movie,188246,197097,67
94135,movie,188270,197164,80
94139,movie,188278,197244,78
94176,movie,188352,197322,80
94204,movie,188408,197402,72
94225,movie,188450,197474,63
94329,movie,188658,197537,75
94348,movie,188696,197612,63
94352,movie,188704,197675,78
94363,movie,188726,197753,67
94365,movie,188730,197820,78
94380,movie,188760,197898,77
94393,movie,188786,197975,74
94404,tvshow,188809,198049,53
94405,movie,188810,198102,74
94413,tvshow,188827,198176,62
94423,tvshow,188847,198238,69
94440,movie,188880,198307,77
94480,movie,188960,198384,77
94510,movie,189020,198461,77
94525,movie,189050,198538,79
94529,movie,189058,198617,79
94533,movie,189066,198696,80
94542,movie,189084,198776,80
94551,tvshow,189103,198856,58
94590,movie,189180,198914,68
94603,movie,189206,198982,80
94608,movie,189216,199062,78
94659,tvshow,189319,199140,40
94671,movie,189342,199180,70
94716,movie,189432,199250,78
94752,movie,189504,199328,81
94755,tvshow,189511,199409,53
94796,tvshow,189593,199462,78
94807,movie,189614,199540,77
94813,tvshow,189627,199617,79
94818,movie,189636,199696,79
94853,tvshow,189707,199775,56
94854,movie,189708,199831,80
94874,movie,189748,199911,78
94881,movie,189762,199989,79
94887,movie,189774,200068,80
94901,movie,189802,200148,60
94915,movie,189830,200208,81
94917,movie,189834,200289,81
95000,movie,190000,200370,79
95006,movie,190012,200449,80
95066,tvshow,190133,200529,79
95124,tvshow,190249,200608,72
95140,movie,190280,200680,79
95171,tvshow,190343,200759,76
95211,tvshow,190423,200835,40
95345,movie,190690,200875,75
95348,movie,190696,200950,78
95373,tvshow,190747,201028,63
95402,movie,190804,201091,79
95404,movie,190808,201170,80
95442,tvshow,190885,201250,51
95479,tvshow,190959,201301,57
95486,tvshow,190973,201358,78
95514,movie,191028,201436,79
95516,movie,191032,201515,66
95536,movie,191072,201581,74
95548,movie,191096,201655,79
95551,movie,191102,201734,79
95555,tvshow,191111,201813,78
95556,tvshow,191113,201891,72
95560,movie,191120,201963,81
95597,movie,191194,202044,79
95608,movie,191216,202123,78
95609,movie,191218,202201,78
95610,movie,191220,202279,76
95665,tvshow,191331,202355,49
95667,movie,191334,202404,78
95755,movie,191510,202482,60
95775,movie,191550,202542,68
95797,movie,191594,202610,79
95837,tvshow,191675,202689,71
95839,tvshow,191679,202760,69
95854,movie,191708,202829,81
95874,movie,191748,202910,81
95956,movie,191912,202991,79
96010,movie,192020,203070,72
96107,movie,192214,203142,81
96129,tvshow,192259,203223,63
96131,movie,192262,203286,76
96160,tvshow,192321,203362,76
96161,tvshow,192323,203438,77
96162,tvshow,192325,203515,77
96167,movie,192334,203592,80
96196,movie,192392,203672,77
96213,tvshow,192427,203749,59
96237,tvshow,192475,203808,57
96252,movie,192504,203865,73
96255,movie,192510,203938,80
96316,tvshow,192633,204018,70
96391,tvshow,192783,204088,78
96393,movie,192786,204166,74
96394,movie,192788,204240,80
96398,movie,192796,204320,78
96399,movie,192798,204398,79
96462,tvshow,192925,204477,76
96481,tvshow,192963,204553,63
96551,movie,193102,204616,74
96571,tvshow,193143,204690,77
96599,movie,193198,204767,71
96608,tvshow,193217,204838,54
96628,tvshow,193257,204892,68
96648,movie,193296,204960,81
96648,tvshow,193297,205041,68
96677,tvshow,193355,205109,69
96713,tvshow,193427,205178,66
96716,movie,193432,205244,68
96721,movie,193442,205312,78
96724,movie,193448,205390,77
96777,tvshow,193555,205467,65
96853,tvshow,193707,205532,81
96909,movie,193818,205613,81
96919,tvshow,193839,205694,62
96920,movie,193840,205756,77
96936,movie,193872,205833,60
96944,movie,193888,205893,80
96951,movie,193902,205973,81
96954,tvshow,193909,206054,50
96977,tvshow,193955,206104,79
97006,movie,194012,206183,75
97020,movie,194040,206258,74
97051,movie,194102,206332,81
97061,movie,194122,206413,77
97062,tvshow,194125,206490,74
97100,movie,194200,206564,79
97103,movie,194206,206643,66
97173,tvshow,194347,206709,69
97219,tvshow,194439,206778,74
97298,movie,194596,206852,81
97332,movie,194664,206933,70
97365,movie,194730,207003,79
97367,movie,194734,207082,71
97370,movie,194740,207153,72
97400,tvshow,194801,207225,72
97405,tvshow,194811,207297,51
97406,movie,194812,207348,79
97421,movie,194842,207427,79
97428,tvshow,194857,207506,77
97430,movie,194860,207583,77
97434,movie,194868,207660,66
97512,movie,195024,207726,73
97519,movie,195038,207799,80
97539,tvshow,195079,207879,70
97544,movie,195088,207949,80
